{
  "assetsByChunkName": {
    "vendors~app-account~app-confirmation~app-order": "chunk.4a710fd27386b491cb73.js",
    "vendors~app-account~app-checkout": "chunk.f3112da4f6cf7014a595.js",
    "admin": [
      "admin.d544ea26623b35a04579.js",
      "admin.d544ea26623b35a04579.js.map"
    ],
    "app-account": "chunk.a3425cf99222aa5a5ab6.js",
    "app-cart": "chunk.aab14eb8e66dfbd6b569.js",
    "app-checkout": "chunk.eb0e9e14ffe27b069bbb.js",
    "app-confirmation": "chunk.f648fff84c8e5c96c76c.js",
    "app-order": "chunk.97f6a0126bc6a19771e8.js",
    "checkout": [
      "checkout.050252869b55d9b97f4c.js",
      "checkout.050252869b55d9b97f4c.js.map"
    ],
    "storefront": [
      "storefront.a554f1ac6e26457dc248.css",
      "storefront.d6b84a63ea7f6fff03f8.js",
      "storefront.a554f1ac6e26457dc248.css.map",
      "storefront.d6b84a63ea7f6fff03f8.js.map"
    ],
    "vendors~app-cart": "chunk.9fd293b56c73af052e26.js",
    "vendors~app-checkout": "chunk.1f011e167690025680be.js"
  }
}