{
  "links": [
    {
      "title": "Malte",
      "url": "/malte",
      "list": [
        
      ]
    },
    {
      "title": "Lúpulos",
      "url": "/lupulos",
      "list": [
        
      ]
    },
    {
      "title": "Leveduras",
      "url": "/leveduras",
      "list": [
        
      ]
    },
    
    {
      "title": "Kit Insumos",
      "url": "/kit-insumos",
      "list": [
       
      ]
    },
    {
      "title": "Equipamentos",
      "url": "/equipamentos",
      "list": [
        
      ]
    },
    {
      "title": "Para Servir",
      "url": "/para-servir",
      "list": [
        
      ]
    },
    {
      "title": "Kit Fabricação",
      "url": "/kit-fabricacao",
      "list": [
        
      ]
    },
    {
      "title": "Outros",
      "url": "/outros",
      "list": [
       
      ]
    },
    {
      "title": "Liquida",
      "url": "/liquida",
      "list": [
        
      ]
    }
  ]
}