{
  "description": {
    "title": "Sobre nós",
    "text": "A PiQUIRI BREWSHOP é uma loja virtual de vendas de insumos para o cervejeiro artesanal, com sede na cidade de Toledo/PR,, idealizada por um casal apaixonado por cerveja. O nosso lema é que para fazer cerveja boa precisa de matéria-prima de qualidade. Também fornecemos Kits prontos de nossas receitas, testadas e aprovadas."
  },
  "links_1": {
    "list_pages": true,
    "title": "Institucional",
    "list": []
  },
  "links_2": {
    "list_categories": false,
    "title": "Categorias",
    "list": []
  },
  "contacts": {
    "title": "Contatos",
    "phone_wpp": true,
    "socials": true,
    "email": true,
    "address": true
  },
  "stamps": [
    {
      "src": "/img/uploads/stamp_encryptssl.png"
    },
    {
      "src": "/img/uploads/stamp_google_safe_browsing.png",
      "link": "https://transparencyreport.google.com/safe-browsing/search?url=www.piquiribrewshop.com.br"
    }
  ],
  "payment_methods": {
    "visa": true,
    "boleto": true,
    "elo": true,
    "hipercard": true,
    "mastercard": true,
    "paypal": true,
    "hiper": true,
    "pix": true,
    "amex": true
  },
  "credits": "Henrique A. Perina Ecommerce - CNPJ: 24.556.390/0001-49 © Todos os direitos reservados. 2024"
}