{
  "categories_list": {
    "featured": [],
    "random": 9,
    "full_width": true
  },
  "menu_all_departments": false,
  "centralized_logo": false,
  "marketing_stripe": {
    "text": "CONHEÇA O NOSSO PROGRAMA DE FIDELIDADE: COMPRE E GANHE PONTOS DE CASHBACK!",
    "link": "",
    "background": "#1b120e",
    "color": "#ffffff"
  },
  "alphabetical_order_submenu": true,
  "name_all_departments": "",
  "search_input": true,
  "desktop_megamenu": true,
  "full_width_submenu": false,
  "contacts_stripe": {
    "pages": [],
    "phone_wpp": false,
    "socials": false
  }
}